# address	name	source  (dream-translate symbols; edit freely, keep tabs)
0x0c010000	_loader	user
0x0c073b70	_kmSetFogTable	ghidra
0x0c075b50	_kmSetFogTable	ghidra
0x0c080684	__bfslu	fid
0x0c0806d4	__divls	fid
0x0c080788	__divlu	fid
0x0c080830	__modls	fid
0x0c0808f8	__modlu	fid
0x0c080b5c	__slow_mvn	fid
0x0c080bd8	_memmove	fid
0x0c086b74	_quick_strcpy1	fid
0x0c087608	_strncpy	fid
0x0c087f44	__app_coss	fid
0x0c087f64	__app_sins	fid
0x0c0885c8	__allzero	fid
0x0c088a48	__rsfts	fid
0x0c088c64	__divws	fid
0x0c088e58	__duchek	fid
0x0c148aae	_kmSetFogTableColor	fid
0x0c148b00	_kmSetFogTableColor	fid
0x0c148b10	_kmSetFogTable	fid
0x0c148d60	_kmSetBackGroundPlane	fid
0x0c14965c	_kmQueryFinishFlushVertexBuffer	fid
0x0c14aa80	_ovLockCs	fid
0x0c14aa98	_ovUnlockCs	fid
0x0c14aaae	_ovGetLibTbl	fid
0x0c14ab16	_ovSearchLibByUuid	fid
0x0c14ab6a	_ovInit	fid
0x0c14abcc	_ovLibClose	fid
0x0c14b094	_gdFsReadWG	fid
0x0c14ba84	_gdFsGetDrvStatG	fid
0x0c14c962	_pdGunLeave	fid
0x0c14d214	_syCachePurgeAll	fid
0x0c14d7da	_syRtcGetDate	fid
0x0c14d8d0	_syRtcDateToCount	fid
0x0c14d964	_syRtcCountToDate	fid
0x0c14db3c	_syRtcGetCountForce	fid
0x0c14dba8	_syRtcAicaGetCount	fid
0x0c14dc78	_syRtcMakeDayOfWeek	fid
0x0c14dcb4	_syRtcMakeAgeOfMoon	fid
0x0c14dd48	_syRtcDbgWriteLog	fid
0x0c14def2	_pdVmsLcdWrite1	fid
0x0c14df3c	_pdVmsLcdIsReady	fid
0x0c14e0a0	_buDisableServer	fid
0x0c14e29c	_vmsfs_c_setcompletecallback	ghidra
0x0c14e2a2	_vmsfs_c_setprogresscallback	ghidra
0x0c14e2b4	_vmsfs_ismount	ghidra
0x0c14e35e	_vmsfs_isformat	ghidra
0x0c14e424	_buGetDiskInfo	fid
0x0c14e452	_buGetDiskFree	fid
0x0c14e480	_buFindFirstFile	fid
0x0c14e4ae	_buFindNextFile	fid
0x0c14e4dc	_buFindFirstFileEx	fid
0x0c14e50e	_buFindNextFileEx	fid
0x0c14e540	_buFindExecFile	fid
0x0c14e56e	_buOpenFile	fid
0x0c14e5a0	_buCreateFile	fid
0x0c14e5d6	_buCreateExecFile	fid
0x0c14e60c	_buSetFileParam	fid
0x0c14e84c	_buIsExistFile	fid
0x0c14e87a	_buGetFileInfo	fid
0x0c14e8ac	_buStat	fid
0x0c14e8c6	_buGetLastError	fid
0x0c14e93c	_buGetFileSize	fid
0x0c14ea28	_buSaveFile	fid
0x0c14ec68	_buMakeBackupFileImage	fid
0x0c14ee60	_buCalcBackupFileSize	fid
0x0c14f000	_buCalcCRC	fid
0x0c14f1ce	_syCfgGetIndividualID	fid
0x0c14f214	_syCfgGetIDAddress	fid
0x0c14f250	_syCfgIIDCheckSum	fid
0x0c14f2f4	_pdVibIsReady	fid
0x0c14f4b8	_pdVibGetInfo	fid
0x0c14fd06	_adxt_start_sj	fid
0x0c14fe2e	_ADXT_Stop	fid
0x0c14fea2	_ADXT_GetTime	fid
0x0c14ff4c	_ADXT_GetTimeReal	fid
0x0c14ffb2	_ADXT_GetNumChan	fid
0x0c150252	_ADXT_DiscardSmpl	fid
0x0c15046c	_ADXF_Init	fid
0x0c150504	_adxf_SetCmdHstry	fid
0x0c15056a	_adxf_ChkPrmPt	fid
0x0c150bbc	_adxf_CloseSjStm	fid
0x0c150c08	_ADXF_Close	fid
0x0c150c58	_adxf_read_sj32	fid
0x0c150d3a	_ADXF_ReadSj32	fid
0x0c150e56	_ADXF_Stop	fid
0x0c150eec	_adxf_ExecOne	fid
0x0c150f78	_ADXF_ExecServer	fid
0x0c151038	_ADXF_Tell	fid
0x0c151090	_ADXF_GetFsizeByte	fid
0x0c1510ac	_ADXF_GetNumReqSct	fid
0x0c1510dc	_ADXF_GetNumReadSct	fid
0x0c1510f8	_ADXF_GetStat	fid
0x0c151114	_adxf_ChkPrmGfr	fid
0x0c153280	_kmiDMAtoTARequest	fid
0x0c1535d8	_kmiQueryFinishDMA	fid
0x0c153660	_kmiWaitForFinishDMA	fid
0x0c153bc0	_kmiTXalloc	fid
0x0c153d92	_kmiVQalloc	fid
0x0c153eda	_kmiFBfree	fid
0x0c153fd0	_kmiVQFBfree	fid
0x0c154306	_kmiFBgetfreememEx	fid
0x0c15438e	_kmiFBSortQueue	fid
0x0c1543ce	_kmiFBGarbageCollect	fid
0x0c1551b6	_kmytex_FBEnQueueEntry	fid
0x0c1551d2	_kmytex_FBDeQueueEntry	fid
0x0c1564c6	_kmiWriteRegister	ghidra
0x0c15661e	_kmiMemCopy4	fid
0x0c156802	_kmiRegisterCallback	fid
0x0c15687e	_kmSetEORCallback	fid
0x0c15689a	_kmSetVSyncCallback	fid
0x0c1568bc	_kmSetHSyncCallback	fid
0x0c156b32	_kmSetTexOverflowCallback	fid
0x0c157884	_kmiWriteRegister	fid
0x0c15788e	_kmiPurgeMemory	fid
0x0c157920	_kmiCopyToFrameBuffer	fid
0x0c157a02	_kmiCopyFromFrameBuffer	fid
0x0c15994c	_kmCreateTextureSurface	fid
0x0c159b9a	_kmLoadTexture	fid
0x0c159fc8	_kmFreeTexture	fid
0x0c15a154	_kmGarbageCollectTexture	fid
0x0c15a440	_kmtex_GetTextureLevel	fid
0x0c15adc0	_kmiConvertUVnum	fid
0x0c15b0c0	_kmProcessVertexRenderState	fid
0x0c15b880	_kmSetVertexRenderState	fid
0x0c15dc88	_gdFsWaitCompleteReq	fid
0x0c15dd1a	_gdFsReopenHn	fid
0x0c15dd8c	_gdFsClose	fid
0x0c15de12	_gdFsSeek	fid
0x0c15deb6	_gdFsRead	fid
0x0c15e01c	_gdFsReqRd32	fid
0x0c15e33c	_gdFsGetStat	fid
0x0c15e36a	_gdFsStopRd	fid
0x0c15e5bc	_syChainAddHandler	fid
0x0c15e76a	_syChainMasterHandler	fid
0x0c15ed94	_syG2Read	fid
0x0c15f27e	_syTmrGetCount	fid
0x0c15f678	_kdExecGun	fid
0x0c15f906	_kdInitSystemEx	fid
0x0c15f964	_kdSendFrame	fid
0x0c15fc14	_kdRecvFrame	fid
0x0c15fe34	_kdGetDevice	fid
0x0c15fe46	_kdGetDeviceInfo	fid
0x0c15fe62	_mpdrv_stat	ghidra
0x0c15ffcc	_kdSetBlockWrite	fid
0x0c16010e	_mpdrv_ischanged	ghidra
0x0c16011a	_kdDevGetFD	fid
0x0c16014a	_kdDevGetControllerInfo	fid
0x0c160262	_kdDevGetLCDInfo	fid
0x0c160308	_kdDevGetGunInfo	fid
0x0c160352	_kdDevGetVibrationInfo	fid
0x0c16038a	_kdSetDriverMode	fid
0x0c1604c6	_kdSetHandler	fid
0x0c161298	_vmsfs_c_setcompletecallback	fid
0x0c1612b4	_vmsfs_c_setprogresscallback	fid
0x0c1612ec	_vmsfs_c_getstate	fid
0x0c1612fc	_vmsfs_c_setfunc	fid
0x0c16130c	_vmsfs_c_setparam	fid
0x0c16135c	_vmsfs_c_setfname	fid
0x0c1613d2	_vmsfs_c_settime	fid
0x0c1618b6	_vmsfs_ismount	fid
0x0c161b52	_vmsfs_unmount	fid
0x0c161b7c	_vmsfs_fgetinfo	fid
0x0c16206e	_vmsfs_getinfo	fid
0x0c162188	_vmsfs_diskfree	fid
0x0c16236c	_vmsfs_fopen	fid
0x0c16247e	_vmsfs_xcreate	fid
0x0c1625e2	_vmsfs_fcreate	fid
0x0c16272a	_vmsfs_fsetparam	fid
0x0c162d92	_vmsfs_fisexist	fid
0x0c162e50	_vmsfs_findfirst	fid
0x0c162f48	_vmsfs_findnext	fid
0x0c163030	_vmsfs_findfirst_ex	fid
0x0c16316e	_vmsfs_findnext_ex	fid
0x0c1639a8	_vmsfs_fgetsize	fid
0x0c163a42	_vmsfs_xfind	fid
0x0c163afa	_vmsfs_isformat	fid
0x0c16577e	_ADXAMP_Destroy	fid
0x0c1659d0	_ADXCRS_Lock	fid
0x0c1659f8	_ADXCRS_Unlock	fid
0x0c165a28	_ADX_GetCoefficient	fid
0x0c165aac	_ADX_DecodeInfo	fid
0x0c165bcc	_ADX_DecodeInfoExADPCM2	fid
0x0c165c32	_ADX_DecodeInfoExLoop	fid
0x0c165dc6	_ADXERR_CallErrFunc	fid
0x0c165e1c	_mwRnaInit	ghidra
0x0c165e4c	_mwRnaSetTransSw	ghidra
0x0c165e52	_mwRnaSetPlaySw	ghidra
0x0c165e58	_mwRnaGetTime	ghidra
0x0c165e5e	_mwRnaGetNumData	ghidra
0x0c165e70	_mwRnaExecServer	ghidra
0x0c165e7c	_mwRnaSetNumChan	ghidra
0x0c165e82	_mwRnaSetSfreq	ghidra
0x0c165e88	_mwRnaSetOutVol	ghidra
0x0c165e8e	_mwRnaSetOutPan	ghidra
0x0c165e94	_mwRnaSetBitPerSmpl	ghidra
0x0c165ec8	_ADXRNA_SetStmHdInfo	fid
0x0c165f40	_ADXSJD_Init	fid
0x0c165f5e	_adxsjd_clear	fid
0x0c1660c8	_ADXSJD_Start	fid
0x0c1660de	_ADXSJD_Stop	fid
0x0c1660f8	_adxsjd_decode_prep	fid
0x0c166280	_adxsjd_decexec_start	fid
0x0c1664ee	_ADXSJD_ExecHndl	fid
0x0c16653c	_ADXSJD_ExecServer	fid
0x0c166584	_ADXSJD_EntryTrapFunc	fid
0x0c1665c6	_ADXSJD_GetNumChan	fid
0x0c1665d2	_ADXSJD_GetOutBps	fid
0x0c1665f6	_ADXSJD_GetTotalNumSmpl	fid
0x0c16673c	_ADXSTMF_Destroy	fid
0x0c1667dc	_ADXSTM_OpenRange	fid
0x0c16689a	_ADXSTM_Close	fid
0x0c1668c2	_ADXSTM_Start	fid
0x0c1668ec	_ADXSTM_Stop	fid
0x0c166930	_ADXSTM_Tell	fid
0x0c166988	_ADXSTM_Seek	fid
0x0c1669ce	_ADXSTM_SetEos	fid
0x0c1669ee	_adxstm_sj_internal_error	fid
0x0c1669f8	_adxstmf_stat_exec	fid
0x0c166b56	_ADXSTMF_ExecHndl	fid
0x0c166b64	_ADXSTM_ExecServer	fid
0x0c166ba4	_ADXSTM_GetCurOfst	fid
0x0c166c06	_ADXSTM_GetFad	fid
0x0c166d48	_adxt_eos_entry	fid
0x0c166d70	_adxt_set_outpan	fid
0x0c166e18	_adxt_stat_decinfo	fid
0x0c167022	_adxt_stat_prep	fid
0x0c1670f4	_adxt_stat_playing	fid
0x0c16715a	_adxt_stat_decend	fid
0x0c167208	_adxt_RcvrReplay	fid
0x0c16748c	_adxf_purge_all	fid
0x0c167540	_ADXF_InitCache_P2_	fid
0x0c16779c	_mwRnaInit	fid
0x0c167b80	_mwRnaFlush	fid
0x0c167ba8	_mwlRnaStartCopy	fid
0x0c167be6	_mwlRnaIsCopyEnd	fid
0x0c167c74	_mwlRnaAddRdPos	fid
0x0c167cfe	_mwlRnaAddWrPos	fid
0x0c167e04	_mwlRnaAddFlshPos	fid
0x0c167e34	_mwlRnaWaitTransEnd	fid
0x0c167e86	_mwRnaSetTransSw	fid
0x0c167f64	_mwRnaSetPlaySw	fid
0x0c167ff0	_mwlRnaStartTrans	fid
0x0c16816e	_mwlRnaInsrtSlntDat	fid
0x0c168380	_mwRnaExecServer	fid
0x0c1684b4	_mwRnaIsPause	fid
0x0c1685a8	_mwRnaGetTime	fid
0x0c1685e8	_mwRnaGetStat	fid
0x0c168608	_mwRnaGetTransSw	fid
0x0c16862e	_mwRnaGetPlaySw	fid
0x0c168656	_mwRnaGetAutoSw	fid
0x0c168680	_mwRnaGetNumData	fid
0x0c16869e	_mwRnaGetNumRoom	fid
0x0c1686c0	_mwRnaSetNumChan	fid
0x0c168746	_mwRnaSetStartSmpl	fid
0x0c168766	_mwRnaSetBitPerSmpl	fid
0x0c1687be	_mwRnaSetSfreq	fid
0x0c1687f8	_mwRnaSetOutVol	fid
0x0c168854	_mwRnaSetOutPan	fid
0x0c1689d4	_mwRnaGetBitPerSmpl	fid
0x0c1689f2	_mwRnaGetSfreq	fid
0x0c168a10	_mwRnaGetOutVol	fid
0x0c168a30	_mwRnaGetOutPan	fid
0x0c168a60	_mwRnaGetFx	fid
0x0c168aa0	_mwRnaGetPitch	fid
0x0c168ae0	_mwRnaGetDrctLvl	fid
0x0c168b00	_mwRnaErrEntryFunc	ghidra
0x0c168b56	_mwRnaGetFilter	fid
0x0c168b7e	_mwRnaSetStmHdInfo	fid
0x0c169868	_SJ_SplitChunk	fid
0x0c16a852	_kmiDefaultInterruptHandler	fid
0x0c16c204	_syG2DmaResumeAll	fid
0x0c16c280	_syG2DmaSuspendAll	fid
0x0c16c2c4	_syG2FifoWaitEmpty	fid
0x0c16c41c	_mpdrv_init_ex	fid
0x0c16c72a	_mpdrv_frame_send	fid
0x0c16c8fa	_mpdrv_frame_recv_pre	fid
0x0c16c93c	_mpdrv_frame_recv_post	fid
0x0c16c952	_mpdrv_frame_recv_main	fid
0x0c16ca98	_mpdrv_dpf	fid
0x0c16cae0	_mpdrv_get_device	fid
0x0c16caf0	_mpdrv_get_deviceinfo	fid
0x0c16cb44	_mpdrv_stat	fid
0x0c16cb5e	_mpdrv_ischanged	fid
0x0c16cb7e	_mpdrv_timeout	fid
0x0c16cb9a	_mpdrv_swapmode	fid
0x0c16cc1a	_mpdrv_optimize	fid
0x0c16cc5c	_mpdrv_get_gunmode	fid
0x0c16cca8	_mpdrv_init_globals	fid
0x0c16cf14	_mpdrv_insertnop	fid
0x0c16cf58	_mpdrv_setcmd	fid
0x0c16d1cc	_mpdrv_setcmd_force	fid
0x0c16d496	_mpdrv_check_port	fid
0x0c16d55c	_mpdrv_make_devicedata	fid
0x0c16da6a	_mpdrv_set_getcond	fid
0x0c16da96	_mpdrv_set_getcond_ns	fid
0x0c16daf8	_mpdrv_set_dreq_ns	fid
0x0c16db3c	_mpdrv_set_dkill_ns	fid
0x0c16db80	_mpdrv_set_dreset_ns	fid
0x0c16dbc4	_mpdrv_set_allstatreq_ns	fid
0x0c16dbdc	_mpdrv_set_getminfo	fid
0x0c16dc08	_mpdrv_set_getminfo_ns	fid
0x0c16dc8e	_mpdrv_set_bwrite	fid
0x0c16dcc8	_mpdrv_set_bwrite_ns	fid
0x0c16dd2a	_mpdrv_set_getlerr_ns	fid
0x0c16dd90	_mpdrv_set_transagain_ns	fid
0x0c16ddd4	_mpdrv_set_arctrl_ns	fid
0x0c16de24	_mpdrv_set_ft4ctrl_ns	fid
0x0c16de48	_mpdrv_set_setcond	fid
0x0c16de84	_mpdrv_set_setcond_ns	fid
0x0c16dedc	_mpdrv_set_end_ns	fid
0x0c16def0	_mpdrv_memset_l	fid
0x0c16e4f4	_vmsio_isready	fid
0x0c16e534	_vmsio_ismount	fid
0x0c16ed50	_ADXB_Init	fid
0x0c16f092	_ADXB_GetOutBps	fid
0x0c16f0fc	_ADXB_EntryData	fid
0x0c16f14e	_ADXB_Start	fid
0x0c16f15c	_ADXB_Stop	fid
0x0c16f176	_ADXB_Reset	fid
0x0c16f1c2	_ADXB_EvokeExpandMono	fid
0x0c16f1ee	_ADXB_EvokeExpandSte	fid
0x0c16f224	_ADXB_EvokeDecode	fid
0x0c16f2e0	_memcpy2	fid
0x0c16f30c	_ADXB_CopyExtraBufSte	fid
0x0c16f340	_ADXB_CopyExtraBufMono	fid
0x0c16f358	_ADXB_EndDecode	fid
0x0c16f558	_mwRnaLockCs	fid
0x0c16f570	_mwRnaUnlockCs	fid
0x0c16f588	_mwRnaErrEntryFunc	fid
0x0c16f5a6	_mwRnaErrCallFunc	fid
0x0c170510	_syG2DmaResume	fid
0x0c170550	_syG2FifoIsEmpty	fid
0x0c170cd2	_ADX_DecodeInfoAiff	fid
0x0c170d6a	_ADXB_DecodeHeaderAiff	fid
0x0c170e68	_ADXB_ExecOneAiff16	fid
0x0c170f86	_ADXB_ExecOneAiff8	fid
0x0c17108e	_ADXB_ExecOneAiff	fid
0x0c1712cc	_ADXB_CheckAu	fid
0x0c1712fe	_ADX_DecodeInfoAu	fid
0x0c1713c2	_ADXB_DecodeHeaderAu	fid
0x0c1714b0	_ADXB_ExecOneAu16	fid
0x0c1715d0	_ADXB_ExecOneAu8	fid
0x0c1716d8	_ADXB_ExecOneAuUlaw	fid
0x0c1717dc	_ADXB_ExecOneAu	fid
0x0c17180c	_ADX_DecodeInfoSpsd	fid
0x0c1718d8	_ADXB_DecodeHeaderSpsd	fid
0x0c171ad4	_ADX_DecodeInfoWav	fid
0x0c171c8c	_ADXB_DecodeHeaderWav	fid
0x0c171d74	_ADXB_ExecOneWav16	fid
0x0c171e6c	_ADXB_ExecOneWav8	fid
0x0c171f78	_ADXB_ExecOneWav4	fid
0x0c1720dc	_ADXB_ExecOneWav	fid
0x0c172196	_ADXPD_SetCoef	fid
0x0c1721ca	_ADXPD_EntryMono	fid
0x0c1721e8	_ADXPD_EntrySte	fid
0x0c172206	_ADXPD_Start	fid
0x0c172218	_ADXPD_Stop	fid
0x0c17222e	_ADXPD_Reset	fid
0x0c172240	_adxpd_error	fid
0x0c172260	_ADXPD_ExecHndl	fid
0x0c1725b0	_ADX_DecodeMonoFloat	fid
0x0c1726c8	_ADX_DecodeSteFloat	fid
0x8c004000	_startup_stub	user
